season,week,player,team,opp,position,line,pred_yards,prob_over,edge,targets
2024,1,T.Hill,MIA,JAX,WR,60.5,141.15369479317357,0.9999999621131149,0.9090908367614012,12
2024,1,I.Likely,BAL,KC,TE,35.5,99.72269196181074,0.9999999564800867,0.9090908260074382,12
2024,1,C.Kupp,LA,DET,WR,60.5,122.30329440891127,0.999981074429156,0.9090547784556613,21
2024,1,A.Brown,PHI,GB,WR,60.5,112.09952802852749,0.9997091090905352,0.9085355719001127,10
2024,1,J.Williams,DET,LA,WR,60.5,109.19307622979692,0.9994152272250711,0.9079745247024085,9
2024,1,B.Bowers,LV,LAC,TE,35.5,67.2259092876925,0.9959012580584083,0.9012660381115069,8
2024,1,R.Rice,KC,BAL,WR,60.5,91.22022278265787,0.9797207279338596,0.8703759351464592,9
2024,1,T.McBride,ARI,BUF,TE,35.5,50.61142810862802,0.8960364173880734,0.7106149786499583,9
2024,1,S.LaPorta,DET,LA,TE,35.5,47.12382550447281,0.8336406067110164,0.5914957037210312,5
2024,1,N.Collins,HOU,IND,WR,60.5,74.67424449813922,0.827657704776294,0.5800738000274703,8
2024,1,D.Smith,PHI,GB,WR,60.5,73.67813056061358,0.8101751823715246,0.546698075436547,8
2024,1,W.Robinson,NYG,MIN,WR,60.5,72.9964716462023,0.7976053002148698,0.5227010276829331,12
2024,1,A.Lazard,NYJ,SF,WR,60.5,71.82507873548441,0.7748770836309244,0.4793107960226739,9
2024,1,C.Lamb,DAL,CLE,WR,60.5,71.76219796646997,0.7736174572207609,0.4769060546941799,10
2024,1,D.Achane,MIA,JAX,RB,55.5,65.65916141281517,0.7659746644749802,0.462315268543144,7
2024,1,G.Pickens,PIT,ATL,WR,60.5,69.23010359517049,0.7197189855342435,0.3740089723835558,7
2024,1,D.Goedert,PHI,GB,TE,35.5,41.4526954281784,0.6900732379292149,0.3174125451375921,5
2024,1,C.Godwin,TB,WAS,WR,60.5,67.188306280897,0.6721605942343408,0.2832156799019234,8
2024,1,D.Samuel,SF,NYJ,WR,60.5,65.3105879156907,0.6257833473713598,0.1946772995271413,9
2024,1,G.Kittle,SF,NYJ,TE,35.5,38.91091113355086,0.6118877623245758,0.16814936443782647,5
2024,1,J.Reed,GB,PHI,WR,60.5,64.62181431314201,0.6082602953782865,0.16122420026763784,6
2024,1,T.Lockett,SEA,DEN,WR,60.5,63.8840796192643,0.5892457939324923,0.12492378841657625,7
2024,2,H.Henry,NE,SEA,TE,35.5,99.74469618837266,0.9999999569190356,0.9090908268454316,12
2024,2,A.St. Brown,DET,TB,WR,60.5,128.3117195360359,0.9999969194093186,0.9090850279632445,18
2024,2,M.Nabers,NYG,WAS,WR,60.5,113.80146410347888,0.9998098794908985,0.9087279517553517,18
2024,2,J.Smith-Njigba,SEA,NE,WR,60.5,112.99092281647084,0.9997668422612755,0.908645789771526,16
2024,2,D.Metcalf,SEA,NE,WR,60.5,110.6704927735395,0.9995881412038192,0.9083046332072913,14
2024,2,M.Harrison,ARI,LA,WR,60.5,106.42607194667937,0.9988997206116554,0.9069903757131603,8
2024,2,M.Gesicki,CIN,KC,TE,35.5,72.1975476554708,0.9988863815158459,0.9069649101666147,9
2024,2,B.Bowers,LV,BAL,TE,35.5,70.01954741227983,0.9979902603632824,0.9052541334208118,9
2024,2,G.Kittle,SF,MIN,TE,35.5,69.07292408708048,0.997426953309316,0.9041787290450577,8
2024,2,Z.Flowers,BAL,LV,WR,60.5,102.3544858293811,0.9973670311598463,0.904064332214252,11
2024,2,C.Godwin,TB,DET,WR,60.5,100.43423949385797,0.9961193660278519,0.9016824260531717,8
2024,2,D.Adams,LV,BAL,WR,60.5,99.3784586907207,0.99522758623777,0.8999799373630154,12
2024,2,N.Collins,HOU,CHI,WR,60.5,91.99390859321902,0.9821177103544206,0.874951992494803,10
2024,2,D.Samuel,SF,MIN,WR,60.5,89.64995621858824,0.9740118755300943,0.859477216921089,10
2024,2,T.McBride,ARI,LA,TE,35.5,57.90642793908049,0.9690633306960514,0.850029994965189,6
2024,2,J.Smith,MIA,BUF,TE,35.5,55.795046273379306,0.9546058355183004,0.8224293223531188,7
2024,2,J.Tolbert,DAL,NO,WR,60.5,83.64278603352459,0.9385667041468582,0.7918091624621837,9
2024,2,D.Smith,PHI,ATL,WR,60.5,81.77113565727406,0.921915669073,0.7600208227757274,10
2024,2,J.Williams,DET,TB,WR,60.5,80.29139948708507,0.9064867385025372,0.730565591686662,11
2024,2,B.Strange,JAX,CLE,TE,35.5,49.24826583279483,0.8740380341714478,0.6686180652364002,6
2024,2,C.Olave,NO,DAL,WR,60.5,77.32255610780973,0.8689632498900467,0.65892984069918,6
2024,2,J.Jefferson,MIN,SF,WR,60.5,77.28223968809748,0.8683906733685298,0.6578367400671933,7
2024,2,D.Moore,CHI,HOU,WR,60.5,75.04785826556346,0.8339411661758259,0.5920694990629404,10
2024,2,L.Schoonmaker,DAL,NO,TE,35.5,44.755841933990844,0.7797414074772042,0.4885972324564808,6
2024,2,M.Andrews,BAL,LV,TE,35.5,44.39527552305149,0.7707360233883229,0.47140513555952557,5
2024,2,G.Dulcich,DEN,PIT,TE,35.5,43.726778892846255,0.7535062415352978,0.4385119156582957,8
2024,2,D.London,ATL,PHI,WR,60.5,66.92040894535046,0.6656843641916785,0.2708519680022954,7
2024,2,D.Mooney,ATL,PHI,WR,60.5,66.92040894535046,0.6656843641916785,0.2708519680022954,7
2024,3,J.Jennings,SF,LA,WR,60.5,162.74178871017529,0.9999999999953234,0.909090909081981,12
2024,3,D.Goedert,PHI,NO,TE,35.5,104.18788469217485,0.9999999947974682,0.9090908991588028,11
2024,3,C.Kmet,CHI,IND,TE,35.5,89.7622309085643,0.9999969349625352,0.9090850576557489,11
2024,3,J.Ferguson,DAL,BAL,TE,35.5,87.07248492750576,0.9999913712993573,0.9090744361169549,11
2024,3,R.Rice,KC,ATL,WR,60.5,116.48339727056256,0.9999051026332609,0.9089097413907709,14
2024,3,D.Johnson,CAR,LV,WR,60.5,103.30684156558851,0.9978399422735805,0.90496716252229,14
2024,3,S.Diggs,HOU,MIN,WR,60.5,92.30939154629334,0.9830233601670089,0.876680960318835,12
2024,3,C.Otton,TB,DEN,TE,35.5,60.267538592528645,0.9804893189067375,0.8718432451855898,8
2024,3,A.Cooper,CLE,NYG,WR,60.5,90.89868140041307,0.9786472447235492,0.8683265581085939,12
2024,3,R.Odunze,CHI,IND,WR,60.5,89.7622309085643,0.9744604950215041,0.8603336723137806,11
2024,3,M.Nabers,NYG,CLE,WR,60.5,88.67400271940224,0.9698276653190434,0.8514891792454464,12
2024,3,M.Harrison,ARI,DET,WR,60.5,85.16751154422505,0.9499635972703714,0.8135668675161635,11
2024,3,D.Smith,PHI,NO,WR,60.5,84.00822955672619,0.9414678127537943,0.7973476425299709,10
2024,3,N.Collins,HOU,MIN,WR,60.5,82.75149690210395,0.9310203142476049,0.7774024181090639,10
2024,3,N.Fant,SEA,MIA,TE,35.5,52.27655989359814,0.9189504717062675,0.754359991439238,6
2024,3,T.Conklin,NYJ,NE,TE,35.5,51.0881928790574,0.903030793417047,0.723967878341635,6
2024,3,A.St. Brown,DET,ARI,WR,60.5,78.80034997765375,0.8887719848805411,0.6967465165901239,8
2024,3,C.Godwin,TB,DEN,WR,60.5,74.20579090603998,0.8195678446124928,0.5646295215329408,9
2024,3,C.Sutton,DEN,TB,WR,60.5,73.25648653975506,0.8024576454509955,0.5319645958609914,11
2024,3,J.Jefferson,MIN,HOU,WR,60.5,72.63382416017603,0.7907198812530466,0.5095561369376344,8
2024,3,B.Aiyuk,SF,LA,WR,60.5,71.96754157933215,0.7777161572805749,0.48473084571746106,10
2024,3,D.London,ATL,KC,WR,60.5,71.92190365171012,0.7768088917993359,0.4829987934350958,9
2024,3,D.Moore,CHI,IND,WR,60.5,71.90868314488965,0.7765456796609485,0.48249629753453793,10
2024,3,C.Kirk,JAX,BUF,WR,60.5,71.52577655001969,0.7688460171275247,0.4677969417889106,10
2024,3,D.Douglas,NE,NYJ,WR,60.5,71.04840204796189,0.7590427909341841,0.4490816917834425,9
2024,3,M.Wilson,ARI,DET,WR,60.5,70.57609711205703,0.7491253227990268,0.43014834352541476,9
2024,3,D.Mooney,ATL,KC,WR,60.5,69.93962775505628,0.7354264517323417,0.40399595330719773,8
2024,3,C.Parkinson,LA,SF,TE,35.5,41.78370358152502,0.6997362061710397,0.335860029962894,5
2024,3,Z.Ertz,WAS,CIN,TE,35.5,41.15384943415646,0.6812346600465785,0.30053889645255893,5
2024,3,M.Gesicki,CIN,WAS,TE,35.5,40.5979668075412,0.6645199035631585,0.2686289068023935,5
2024,3,C.Olave,NO,PHI,WR,60.5,66.19478070921714,0.6478981398871139,0.23689644887539918,6
2024,3,J.Whyle,TEN,GB,TE,35.5,40.007950298896006,0.646416099315007,0.23406709869228604,5
2024,3,B.Wright,DET,ARI,TE,35.5,39.051909802445365,0.6163820891922196,0.17672944300332827,5
2024,3,D.Adams,LV,CAR,WR,60.5,64.86188853363507,0.6143950154848057,0.17293593865281087,9
2024,3,J.Meyers,LV,CAR,WR,60.5,64.86188853363507,0.6143950154848057,0.17293593865281087,9
2024,3,T.Tucker,LV,CAR,WR,60.5,64.86188853363507,0.6143950154848057,0.17293593865281087,9
2024,3,K.Pitts,ATL,KC,TE,35.5,38.87020101027238,0.6105873063540453,0.16566667576681382,5
2024,3,T.Kelce,KC,ATL,TE,35.5,38.18896217145913,0.5886525431545917,0.12379121874967502,5
2024,3,J.Akins,CLE,NYG,TE,35.5,38.150513383811735,0.5874055523257955,0.12141059989470049,7
2024,3,P.Freiermuth,PIT,LAC,TE,35.5,38.11719394205433,0.5863242046338638,0.1193462088464673,5
2024,3,T.McLaurin,WAS,CIN,WR,60.5,63.64322395154802,0.5829898686017981,0.11298065823979642,6
2024,4,N.Collins,HOU,JAX,WR,60.5,146.65649229383655,0.999999995370318,0.9090909002524253,15
2024,4,M.Nabers,NYG,DAL,WR,60.5,124.3994267731107,0.9999897769070655,0.909071392277125,15
2024,4,T.Kelce,KC,LAC,TE,35.5,83.88237817371274,0.9999723319959312,0.9090380883558685,9
2024,4,G.Pickens,PIT,IND,WR,60.5,102.75165549656326,0.9975745905875012,0.904460582030684,11
2024,4,M.Evans,TB,PHI,WR,60.5,92.08504735206003,0.982383478579587,0.8754593681973932,14
2024,4,D.Wicks,GB,MIN,WR,60.5,92.0715114212615,0.9823442211144621,0.8753844221276094,13
2024,4,D.Johnson,CAR,CIN,WR,60.5,91.64235940655144,0.9810602971870119,0.87293329462975,13
2024,4,C.Otton,TB,PHI,TE,35.5,59.42045199965949,0.9768895815010944,0.864971019229362,9
2024,4,J.Ferguson,DAL,NYG,TE,35.5,58.9052343688084,0.9744379244810527,0.8602905831001915,7
2024,4,T.Kraft,GB,MIN,TE,35.5,57.0803304025626,0.9639400800300468,0.8402492436937258,9
2024,4,D.Goedert,PHI,TB,TE,35.5,56.82878509322893,0.9622486724851756,0.8370201929262444,8
2024,4,J.Downs,IND,PIT,WR,60.5,86.82414615238253,0.9603654775450924,0.8334250025860854,9
2024,4,M.Pittman,IND,PIT,WR,60.5,86.82414615238253,0.9603654775450924,0.8334250025860854,9
2024,4,D.Kincaid,BUF,BAL,TE,35.5,54.581637758654786,0.944097977669128,0.8023688664592442,7
2024,4,C.Lamb,DAL,NYG,WR,60.5,82.69767413596291,0.9305426841342107,0.7764905788016749,8
2024,4,P.Freiermuth,PIT,IND,TE,35.5,53.02116240520159,0.9278682732345298,0.7713848852659205,7
2024,4,C.Parkinson,LA,CHI,TE,35.5,52.32552434396373,0.9195613414248555,0.7555261972656331,7
2024,4,R.Shaheed,NO,ATL,WR,60.5,81.14666670470346,0.9156579623643126,0.7480742917864149,11
2024,4,D.Metcalf,SEA,DET,WR,60.5,80.9987115939888,0.9141216263971589,0.7451412867582123,12
2024,4,J.Smith-Njigba,SEA,DET,WR,60.5,80.9987115939888,0.9141216263971589,0.7451412867582123,12
2024,4,T.Higgins,CIN,CAR,WR,60.5,80.79955189262013,0.9120206477732041,0.741130327567026,10
2024,4,D.London,ATL,NO,WR,60.5,80.70924133036108,0.9110554080654817,0.7392875972159195,12
2024,4,C.Sutton,DEN,NYJ,WR,60.5,77.38097850887556,0.8697899110250662,0.6605080119569445,9
2024,4,W.Robinson,NYG,DAL,WR,60.5,76.6361405621711,0.8589788284542321,0.6398686725035341,14
2024,4,C.Olave,NO,ATL,WR,60.5,76.39216286609708,0.8553088200939358,0.6328622929066048,10
2024,4,T.McLaurin,WAS,ARI,WR,60.5,75.75397357693893,0.8454070085581553,0.6139588345201147,10
2024,4,S.Diggs,HOU,JAX,WR,60.5,75.25867104263818,0.8374204617040639,0.5987117905259401,9
2024,4,B.Thomas,JAX,HOU,WR,60.5,73.91992796648739,0.8145160647888213,0.5549852145968407,9
2024,4,J.Jeudy,CLE,LV,WR,60.5,71.90581998466564,0.7764886526516588,0.48238742778953037,9
2024,4,X.Legette,CAR,CIN,WR,60.5,71.20998896860668,0.7623861828946678,0.45546453098072937,10
2024,4,T.Conklin,NYJ,DEN,TE,35.5,43.39179520907279,0.7446183427305482,0.4215441088492283,8
2024,4,J.Meyers,LV,CLE,WR,60.5,69.67082135525911,0.7295286573801916,0.39273652772582024,10
2024,4,J.Reed,GB,MIN,WR,60.5,69.25551835617064,0.7202893281052658,0.37509780820096195,8
2024,4,R.Doubs,GB,MIN,WR,60.5,69.25551835617064,0.7202893281052658,0.37509780820096195,8
2024,4,G.Kittle,SF,NE,TE,35.5,42.18412611403602,0.7112398756264758,0.35782158074145387,4
2024,4,J.Jennings,SF,NE,WR,60.5,68.7570113607604,0.7090005928082096,0.3535465862702183,6
2024,4,D.Swift,CHI,LA,RB,55.5,63.04637638909424,0.7050658480679244,0.3460348008569465,7
2024,4,J.Hill,BAL,BUF,RB,55.5,62.436280557140165,0.6898582559847026,0.317002125061705,6
2024,4,J.Jefferson,MIN,GB,WR,60.5,66.90994171034154,0.6654303063299045,0.27036694844799947,8
2024,4,A.Kamara,NO,ATL,RB,55.5,61.05878831269921,0.6543370308434218,0.24918887706471426,9
2024,4,C.Kirk,JAX,HOU,WR,60.5,65.53234719056128,0.6313721859059059,0.20534690036582037,12
2024,4,N.Gray,KC,LAC,TE,35.5,39.156242115328745,0.619697664369149,0.1830591774320116,4
2024,4,J.Whittington,LA,CHI,WR,60.5,64.07376399168511,0.5941567622105504,0.13429927331105063,8
2024,5,G.Kittle,SF,ARI,TE,35.5,110.21574176628228,0.9999999997612284,0.9090909086350725,12
2024,5,B.Bowers,LV,DEN,TE,35.5,96.00522165507167,0.9999997697769021,0.9090904695740858,12
2024,5,J.Chase,CIN,BAL,WR,60.5,129.4907782150933,0.9999978813020236,0.9090868643038632,12
2024,5,D.London,ATL,TB,WR,60.5,119.28592388273074,0.999955552800993,0.9090060553473502,13
2024,5,C.Parkinson,LA,GB,TE,35.5,77.90748834302666,0.999795306442418,0.9087001304809798,13
2024,5,G.Wilson,NYJ,MIN,WR,60.5,112.66110169058184,0.9997468554651838,0.9086076331608055,22
2024,5,B.Aiyuk,SF,ARI,WR,60.5,110.21574176628228,0.9995407716055107,0.9082142003377931,12
2024,5,Z.Flowers,BAL,CIN,WR,60.5,109.42077183857886,0.9994456526174222,0.9080326095423515,12
2024,5,T.Kelce,KC,NO,TE,35.5,74.14542982076541,0.999360057963602,0.9078692015668767,10
2024,5,D.Mooney,ATL,TB,WR,60.5,104.71410161865452,0.9983987793174609,0.9060340332424254,16
2024,5,J.Jefferson,MIN,NYJ,WR,60.5,102.94271532353245,0.9976690645687873,0.9046409414495031,14
2024,5,K.Pitts,ATL,TB,TE,35.5,68.11015435064188,0.9967112700620805,0.9028124246639718,8
2024,5,Z.Ertz,WAS,CLE,TE,35.5,63.76654475254774,0.9907522315099135,0.8914360783371076,8
2024,5,T.McBride,ARI,SF,TE,35.5,63.44154769156364,0.9900562157693169,0.8901073210141505,9
2024,5,T.Higgins,CIN,BAL,WR,60.5,91.03636520494838,0.9791126530457863,0.8692150649055921,14
2024,5,B.Thomas,JAX,IND,WR,60.5,90.8442013236462,0.9784606813086991,0.8679703915893346,8
2024,5,D.Slayton,NYG,SEA,WR,60.5,88.55874476324367,0.9692985475365217,0.8504790452969959,11
2024,5,J.Smith-Schuster,KC,NO,WR,60.5,85.08194567576795,0.9493721631540024,0.8124377660212773,8
2024,5,T.Conklin,NYJ,MIN,TE,35.5,54.56180242128408,0.9439114793581886,0.8020128242292692,9
2024,5,J.Ferguson,DAL,PIT,TE,35.5,52.04416903343824,0.9160033968091976,0.7487337575448318,7
2024,5,J.Smith,MIA,NE,TE,35.5,51.81124152828236,0.9129694967820197,0.7429417665838557,8
2024,5,J.Downs,IND,JAX,WR,60.5,79.32844752533954,0.8953023310844683,0.7092135411612577,12
2024,5,J.Tolbert,DAL,PIT,WR,60.5,78.34897090152894,0.8829633208301877,0.685657248857631,10
2024,5,T.Kraft,GB,LA,TE,35.5,49.493680526017215,0.878221085625323,0.6766038907392529,5
2024,5,D.Moore,CHI,CAR,WR,60.5,76.82835124570654,0.8618253009322829,0.6453028472343583,8
2024,5,J.Whittington,LA,GB,WR,60.5,75.70181444897437,0.8445783920832339,0.6123769303407193,10
2024,5,T.Atwell,LA,GB,WR,60.5,75.70181444897437,0.8445783920832339,0.6123769303407193,10
2024,5,J.Meyers,LV,DEN,WR,60.5,71.09194155745796,0.7599461765777755,0.450806337103026,9
2024,5,D.Kincaid,BUF,HOU,TE,35.5,42.799545820077235,0.7285042424983574,0.39078082658777324,6
2024,5,K.Walker,SEA,NYG,RB,55.5,63.21268834142113,0.7091510491963595,0.35383382119304996,8
2024,5,T.Hill,MIA,NE,WR,60.5,68.53312117858016,0.703862235212184,0.3437369944959877,9
2024,5,A.Cooper,CLE,WAS,WR,60.5,68.51087355668335,0.7033493786629508,0.34275790472017875,10
2024,5,S.Diggs,HOU,BUF,WR,60.5,67.51153812831816,0.6799059697566441,0.29800230589904775,8
2024,5,R.Shaheed,NO,KC,WR,60.5,66.85884555184347,0.6641890285222809,0.267997236269809,9
2024,5,D.Schultz,HOU,BUF,TE,35.5,39.6247285703051,0.6344743412416394,0.211269196915857,6
2024,5,J.Reed,GB,LA,WR,60.5,65.21488163520748,0.6233630617246909,0.19005675420168266,6
2024,5,T.McLaurin,WAS,CLE,WR,60.5,63.76654475254774,0.5861957036482155,0.11910088878295688,8
2024,6,C.Godwin,TB,NO,WR,60.5,117.56053065515879,0.9999288210819519,0.9089550220655446,13
2024,6,E.Engram,JAX,CHI,TE,35.5,80.72887534409813,0.9999180724999459,0.9089345020453512,10
2024,6,Z.Flowers,BAL,WAS,WR,60.5,110.52098849367181,0.9995730926488549,0.9082759041478138,9
2024,6,B.Bowers,LV,PIT,TE,35.5,74.27291176532354,0.9993833742388456,0.9079137144559779,10
2024,6,T.McBride,ARI,GB,TE,35.5,71.59255131363933,0.9986838903452598,0.9065783361136779,8
2024,6,A.Brown,PHI,CLE,WR,60.5,99.35427355848876,0.9952051735154587,0.8999371494386029,9
2024,6,C.Lamb,DAL,DET,WR,60.5,98.30156174531655,0.9941339936871201,0.8978921697663201,14
2024,6,D.Kincaid,BUF,NYJ,TE,35.5,58.56954375248201,0.9727261733685655,0.8570226946127159,7
2024,6,G.Wilson,NYJ,BUF,WR,60.5,84.17241157570518,0.9427356601166114,0.7997680784044399,10
2024,6,G.Kittle,SF,SEA,TE,35.5,53.90389407220723,0.9374430745134789,0.7896640513439142,6
2024,6,D.London,ATL,CAR,WR,60.5,82.88988360361083,0.932236752409453,0.7797247091453194,10
2024,6,J.Sanders,CAR,ATL,TE,35.5,53.326700531127365,0.9313020143296115,0.7779402091747127,7
2024,6,I.Likely,BAL,WAS,TE,35.5,51.94259858486102,0.9146903430258468,0.7462270185038894,4
2024,6,M.Andrews,BAL,WAS,TE,35.5,51.94259858486102,0.9146903430258468,0.7462270185038894,4
2024,6,D.Slayton,NYG,CIN,WR,60.5,75.43895544615948,0.8403580093264855,0.6043198359869268,11
2024,6,W.Robinson,NYG,CIN,WR,60.5,75.43895544615948,0.8403580093264855,0.6043198359869268,11
2024,6,D.Njoku,CLE,PHI,TE,35.5,45.725817397698606,0.8029349804242484,0.5328758717190196,7
2024,6,D.Johnson,CAR,ATL,WR,60.5,72.8924929789872,0.7956450901545079,0.5189588084767878,10
2024,6,D.Schultz,HOU,NE,TE,35.5,45.17976958380876,0.790065190456841,0.5083062726903328,8
2024,6,D.Douglas,NE,HOU,WR,60.5,72.26416403536155,0.7835613805958105,0.49588990841018366,9
2024,6,D.Metcalf,SEA,SF,WR,60.5,71.04679958377068,0.759009506737782,0.4490181492266747,11
2024,6,G.Calcaterra,PHI,CLE,TE,35.5,43.41507690114216,0.7452414304902197,0.42273364002678315,4
2024,6,T.Higgins,CIN,NYG,WR,60.5,69.38143523970041,0.7231067410925142,0.3804765057220725,7
2024,6,N.Brown,WAS,BAL,WR,60.5,68.89755595293654,0.7122047098187565,0.35966353692671693,8
2024,6,C.Kmet,CHI,JAX,TE,35.5,41.761258065056175,0.6990852842442566,0.33461736082994453,5
2024,6,K.Raymond,DET,DAL,WR,60.5,67.71711287112959,0.6847918045132584,0.3073298086162205,6
2024,6,N.Fant,SEA,SF,TE,35.5,41.18382042312117,0.6821258499307594,0.30224025895872253,6
2024,6,K.Pitts,ATL,CAR,TE,35.5,40.40787501863643,0.6587263477803996,0.2575684821262174,5
2024,6,C.Otton,TB,NO,TE,35.5,39.259032289561134,0.6229556550841162,0.1892789778878582,6
2024,6,H.Henry,NE,HOU,TE,35.5,39.080938869114156,0.6173054711564058,0.17849226311677469,5
2024,6,T.Dell,HOU,NE,WR,60.5,64.75169307673308,0.611582593295573,0.16756676901882106,9
2024,6,J.Chase,CIN,NYG,WR,60.5,64.24910067201773,0.5986831427453765,0.14294054524117328,6
2024,7,B.Bowers,LV,LA,TE,35.5,101.90651655586935,0.9999999843385111,0.9090908791917031,14
2024,7,W.Dissly,LAC,ARI,TE,35.5,85.38882731362042,0.9999839056552277,0.9090601835236164,11
2024,7,D.Njoku,CLE,CIN,TE,35.5,84.03737615886567,0.999973814009831,0.9090409176551318,14
2024,7,C.Otton,TB,BAL,TE,35.5,78.07362278791432,0.9998057698620384,0.9087201061002551,10
2024,7,K.Pitts,ATL,SEA,TE,35.5,73.39979575021177,0.9992065836164553,0.9075762050859602,9
2024,7,H.Henry,NE,JAX,TE,35.5,67.09040795255973,0.9957624729575348,0.9010010847371119,9
2024,7,J.Smith,MIA,IND,TE,35.5,66.58588775247851,0.9952080386941099,0.8999426193251189,7
2024,7,J.Sanders,CAR,WAS,TE,35.5,62.134417856496576,0.9867748195205744,0.8838428372665512,6
2024,7,G.Kittle,SF,KC,TE,35.5,58.547166657335104,0.9726087471298238,0.8567985172478454,7
2024,7,T.McBride,ARI,LAC,TE,35.5,56.29318774213931,0.9584313343104377,0.8297325473199265,7
2024,7,G.Pickens,PIT,NYJ,WR,60.5,84.4260673567445,0.9446518377589734,0.8034262357216765,9
2024,7,D.Kincaid,BUF,TEN,TE,35.5,53.44106105826907,0.9325543163789832,0.7803309676326043,6
2024,7,J.Jefferson,MIN,DET,WR,60.5,81.62980704696284,0.9205312193674967,0.7573777824288573,8
2024,7,T.Higgins,CIN,CLE,WR,60.5,80.79330785197911,0.9119541638220111,0.741003403660203,8
2024,7,A.St. Brown,DET,MIN,WR,60.5,80.32089574673577,0.9068148288611414,0.7311919460076336,8
2024,7,R.Doubs,GB,HOU,WR,60.5,79.85970167695439,0.9015869063090596,0.7212113665900228,10
2024,7,C.Tillman,CLE,CIN,WR,60.5,78.1546183990565,0.8803971697892496,0.6807582332340221,12
2024,7,E.Engram,JAX,NE,TE,35.5,49.36139147672423,0.8759785275930778,0.6723226435867848,5
2024,7,Z.Ertz,WAS,CAR,TE,35.5,48.131658863633234,0.8537465876165224,0.6298798490860883,5
2024,7,K.Coleman,BUF,TEN,WR,60.5,73.82843956843341,0.8128809109160633,0.5518635572033935,7
2024,7,K.Shakir,BUF,TEN,WR,60.5,73.82843956843341,0.8128809109160633,0.5518635572033935,7
2024,7,I.Likely,BAL,TB,TE,35.5,45.9848366141999,0.8088690842121293,0.544204615314065,4
2024,7,M.Andrews,BAL,TB,TE,35.5,45.9848366141999,0.8088690842121293,0.544204615314065,4
2024,7,J.Mundt,MIN,DET,TE,35.5,44.95798788521341,0.784700092787455,0.4980638135033232,5
2024,7,N.Gray,KC,SF,TE,35.5,44.44898390168632,0.7720903702239648,0.4739907067912055,4
2024,7,B.Hall,NYJ,PIT,RB,55.5,64.7080559398549,0.7446404135215551,0.421586243995696,9
2024,7,T.Kelce,KC,SF,TE,35.5,41.7114373379825,0.6976382102010784,0.3318547649293315,5
2024,7,W.Robinson,NYG,PHI,WR,60.5,67.11076163851745,0.6702912162934965,0.2796468674694025,9
2024,7,D.Metcalf,SEA,ATL,WR,60.5,66.35613102913567,0.6518828352344843,0.24450359453856096,7
2024,7,X.Worthy,KC,SF,WR,60.5,65.88891899151189,0.6403001760707888,0.22239124522605136,8
2024,7,D.London,ATL,SEA,WR,60.5,65.43139806926654,0.6288314017105341,0.20049631235647414,8
2024,7,D.Mooney,ATL,SEA,WR,60.5,65.43139806926654,0.6288314017105341,0.20049631235647414,8
2024,7,D.Adams,NYJ,PIT,WR,60.5,64.7080559398549,0.6104672526707371,0.1654374823714072,9
2024,7,G.Wilson,NYJ,PIT,WR,60.5,64.7080559398549,0.6104672526707371,0.1654374823714072,9
2024,7,A.Brown,PHI,NYG,WR,60.5,63.98075627838761,0.5917505729879258,0.12970563934058554,5
2024,7,C.Godwin,TB,BAL,WR,60.5,63.957844044610766,0.5911572786184403,0.12857298645338588,9
2024,8,C.Lamb,DAL,SF,WR,60.5,144.3913846407185,0.9999999888255281,0.9090908877578263,17
2024,8,C.Ridley,TEN,DET,WR,60.5,132.15488251033435,0.9999991103164906,0.9090892106042092,15
2024,8,T.Kelce,KC,LV,TE,35.5,92.12864043845755,0.9999988152767184,0.9090886473464624,12
2024,8,T.McBride,ARI,MIA,TE,35.5,91.4619275786009,0.9999984455734658,0.9090879415493438,11
2024,8,G.Kittle,SF,DAL,TE,35.5,87.29319775873962,0.9999920594904386,0.9090757499362918,7
2024,8,Z.Ertz,WAS,CHI,TE,35.5,81.01906334935424,0.9999256574198322,0.9089489823469523,11
2024,8,C.Otton,TB,ATL,TE,35.5,73.45795418148046,0.999219674975624,0.9076011976807368,10
2024,8,Z.Flowers,BAL,CLE,WR,60.5,104.99813349608847,0.9984941550244709,0.9062161141376263,12
2024,8,M.Gesicki,CIN,PHI,TE,35.5,67.7892951794111,0.9964356829508569,0.9022863038152723,8
2024,8,J.Jefferson,MIN,LA,WR,60.5,100.7770098673442,0.9963749632892818,0.9021703844613561,9
2024,8,S.LaPorta,DET,TEN,TE,35.5,66.0571133709723,0.9945583876018403,0.8987023763307861,6
2024,8,C.Olave,NO,LAC,WR,60.5,96.06277856567479,0.9911264297422308,0.8921504567806223,14
2024,8,C.Sutton,DEN,CAR,WR,60.5,90.59980142543293,0.977606710943993,0.8663400845294411,11
2024,8,T.McLaurin,WAS,CHI,WR,60.5,88.1043551701508,0.9671371889256777,0.8463528152217483,8
2024,8,J.Ferguson,DAL,SF,TE,35.5,57.10365290911362,0.9640937074496532,0.8405425324038833,8
2024,8,D.Samuel,SF,DAL,WR,60.5,87.29319775873962,0.96296762638707,0.8383927412844063,7
2024,8,D.Kincaid,BUF,SEA,TE,35.5,56.22913815086091,0.9579546032838828,0.828822424451049,7
2024,8,G.Wilson,NYJ,NE,WR,60.5,84.60723632522216,0.9459891664095916,0.8059793176910386,8
2024,8,D.Njoku,CLE,BAL,TE,35.5,54.44436569100443,0.942797229531506,0.7998856200146933,7
2024,8,D.Smith,PHI,CIN,WR,60.5,82.71322455951321,0.9306809414753253,0.776754524634712,7
2024,8,J.Downs,IND,HOU,WR,60.5,82.2917201237927,0.9268577629786661,0.769455729322908,9
2024,8,W.Dissly,LAC,NO,TE,35.5,52.695247806735836,0.9240621242205546,0.7641186007846951,7
2024,8,K.Shakir,BUF,SEA,WR,60.5,80.59487665685518,0.9098217931404349,0.7369325141771939,10
2024,8,E.Moore,CLE,BAL,WR,60.5,79.93577230449729,0.9024636976482686,0.7228852409648764,12
2024,8,J.Chase,CIN,PHI,WR,60.5,79.68706908014215,0.8995757571291987,0.7173718999739247,11
2024,8,T.Hill,MIA,ARI,WR,60.5,79.48250829178646,0.8971540248206207,0.7127485928393668,9
2024,8,H.Henry,NE,NYJ,TE,35.5,50.37553186647883,0.8924434266558634,0.7037556327066483,6
2024,8,A.Kamara,NO,LAC,RB,55.5,71.67006973673188,0.8759558066781317,0.672279267294615,11
2024,8,C.Tillman,CLE,BAL,WR,60.5,75.94106822954971,0.8483551937218068,0.6195871880143584,9
2024,8,D.Achane,MIA,ARI,RB,55.5,69.28797415436438,0.8376524228630222,0.5991546254657697,8
2024,8,K.Pitts,ATL,TB,TE,35.5,47.08914274223759,0.8329183301087655,0.590116812025825,5
2024,8,S.Diggs,HOU,IND,WR,60.5,74.45271308034718,0.8238612780647715,0.5728260763054729,9
2024,8,M.Nabers,NYG,PIT,WR,60.5,73.2614945576507,0.8025504083817161,0.5321416887287307,13
2024,8,P.Nacua,LA,MIN,WR,60.5,70.81388286717839,0.7541451864704363,0.43973171962537827,9
2024,8,D.Slayton,NYG,PIT,WR,60.5,70.20657351548205,0.7412179732219563,0.41505249433282554,7
2024,8,T.Conklin,NYJ,NE,TE,35.5,42.236385234510216,0.7127257792821624,0.3606583059023101,4
2024,8,J.Smith,MIA,ARI,TE,35.5,41.225507107503695,0.6833636541306696,0.30460333970400555,6
2024,8,D.Schultz,HOU,IND,TE,35.5,40.796124051888704,0.6705178925178717,0.28007961298866424,6
2024,8,B.Strange,JAX,GB,TE,35.5,40.55417630451091,0.6631886722582179,0.2660874652202341,5
2024,8,E.Engram,JAX,GB,TE,35.5,40.55417630451091,0.6631886722582179,0.2660874652202341,5
2024,8,A.Brown,PHI,CIN,WR,60.5,66.08279386507157,0.6451229114367071,0.2315982854700771,6
2024,8,A.Trautman,DEN,CAR,TE,35.5,39.58120560659444,0.6331095650303096,0.20866371505786374,4
2024,8,B.Robinson,ATL,TB,RB,55.5,60.22850457763262,0.6322243272088734,0.20697371558057653,7
2024,8,B.Bowers,LV,KC,TE,35.5,39.36307477008008,0.6262444469374846,0.195557580517016,5
2024,8,J.Jeudy,CLE,BAL,WR,60.5,64.52998913119404,0.6059066186498042,0.1567308174223535,8
2024,8,M.Andrews,BAL,CLE,TE,35.5,38.19318013804694,0.5887892881564044,0.12405227738949931,5
2024,8,M.Harrison,ARI,MIA,WR,60.5,63.66338341717425,0.5835143154754114,0.11398187499851276,7
2024,9,T.Kelce,KC,TB,TE,35.5,113.70468633239341,0.9999999999641499,0.9090909090224679,16
2024,9,J.Smith-Njigba,SEA,LA,WR,60.5,155.87211712940092,0.9999999998978951,0.9090909088959815,13
2024,9,J.Meyers,LV,CIN,WR,60.5,110.48026832644167,0.9995689064299154,0.9082679122752929,11
2024,9,D.Kincaid,BUF,MIA,TE,35.5,74.64792200596332,0.999447491692493,0.9080361205038503,10
2024,9,C.Kupp,LA,SEA,WR,60.5,107.08918377846662,0.9990516419226189,0.9072804073068178,14
2024,9,C.Otton,TB,KC,TE,35.5,72.32433792492634,0.9989250195512355,0.9070386736887223,11
2024,9,J.Ferguson,DAL,ATL,TE,35.5,67.1498772938848,0.9958238928195251,0.9011183408372752,10
2024,9,E.Engram,JAX,PHI,TE,35.5,66.30989123202133,0.9948781266267533,0.8993127871965291,10
2024,9,J.Jefferson,MIN,IND,WR,60.5,90.398498454703,0.9768820430408138,0.8649566276233718,9
2024,9,B.Bowers,LV,CIN,TE,35.5,57.00959807963161,0.9634708651573463,0.8393534698458428,8
2024,9,D.Adams,NYJ,HOU,WR,60.5,87.08202799486087,0.9618139414376887,0.8361902518355875,11
2024,9,J.Chase,CIN,LV,WR,60.5,85.4401459778635,0.9518113854813887,0.817094463191742,11
2024,9,M.Gesicki,CIN,LV,TE,35.5,55.18245193076601,0.949518655084401,0.8127174324338565,6
2024,9,A.Kamara,NO,CAR,RB,55.5,77.43164494062364,0.9413895836613889,0.7971982960808334,9
2024,9,Z.Flowers,BAL,DEN,WR,60.5,83.18005834317,0.9347335634703258,0.7844913484433491,6
2024,9,C.Sutton,DEN,BAL,WR,60.5,83.07587342704356,0.9338454464705174,0.7827958523528059,10
2024,9,J.Smith,MIA,BUF,TE,35.5,53.19815042030786,0.9298730068327579,0.7752121039534468,6
2024,9,D.Hopkins,KC,TB,WR,60.5,81.10210623267336,0.9151974416668306,0.7471951159094038,9
2024,9,T.Dell,HOU,NYJ,WR,60.5,81.07343300086616,0.9149001160527286,0.7466274942824818,9
2024,9,T.Johnson,NYG,WAS,TE,35.5,51.9202911291297,0.9143999144614644,0.7456725639718865,6
2024,9,A.Barner,SEA,LA,TE,35.5,51.38891557443842,0.9072611467688292,0.7320440074677648,7
2024,9,D.Mooney,ATL,DAL,WR,60.5,79.8341272271883,0.9012908422762181,0.7206461534364165,9
2024,9,T.Kraft,GB,DET,TE,35.5,50.76420635474708,0.898316495270775,0.7149678546078431,6
2024,9,M.Nabers,NYG,WAS,WR,60.5,78.75836313218694,0.8882405391309053,0.6957319383408191,11
2024,9,C.Lamb,DAL,ATL,WR,60.5,78.02991928685131,0.8787299371659529,0.6775753345895464,12
2024,9,G.Wilson,NYJ,HOU,WR,60.5,76.41524359742826,0.855658739534905,0.6335303209302732,10
2024,9,G.Calcaterra,PHI,JAX,TE,35.5,48.10995607610447,0.8533315875571139,0.6290875762453992,5
2024,9,H.Henry,NE,TEN,TE,35.5,47.935934828835585,0.8499754034145919,0.6226803156096754,8
2024,9,T.Hill,NO,CAR,TE,35.5,47.82422039635234,0.8477940920778975,0.6185159939668952,5
2024,9,C.Tillman,CLE,LAC,WR,60.5,75.23864501515547,0.837092001695402,0.5980847305094038,11
2024,9,J.Jeudy,CLE,LAC,WR,60.5,75.23864501515547,0.837092001695402,0.5980847305094038,11
2024,9,K.Allen,CHI,ARI,WR,60.5,73.4617506021289,0.8062381089140571,0.5391818442904727,10
2024,9,D.Schultz,HOU,NYJ,TE,35.5,45.49231927274955,0.7974911302327453,0.5224830668079683,6
2024,9,D.Njoku,CLE,LAC,TE,35.5,45.213697741549936,0.7908789572743844,0.5098598275238247,7
2024,9,A.St. Brown,DET,GB,WR,60.5,71.81432595601036,0.7746619660216243,0.4789001169503736,7
2024,9,J.Sanders,CAR,NO,TE,35.5,43.967492814875385,0.7597891272551593,0.4505065156689405,5
2024,9,D.Smith,PHI,JAX,WR,60.5,68.34857126085889,0.6995957090236641,0.3355918081360859,6
2024,9,B.Robinson,ATL,DAL,RB,55.5,62.721662367007035,0.6970144830719697,0.3306640131373966,7
2024,9,J.Downs,IND,MIN,WR,60.5,67.79228233302875,0.6865703547327777,0.3107252226716666,9
2024,9,D.Robinson,LA,SEA,WR,60.5,65.46586475013557,0.629699530031475,0.20215364824190685,9
2024,9,J.Oliver,MIN,IND,TE,35.5,38.63089817076168,0.6029183420708502,0.151025925771623,5
2024,9,C.Ridley,TEN,NE,WR,60.5,64.18343346658678,0.596989435356371,0.13970710386216267,8
2024,9,N.Brown,WAS,NYG,WR,60.5,63.83867413252145,0.5880681270197871,0.12267551521959341,6
2024,10,J.Chase,CIN,BAL,WR,60.5,227.4210492144853,1.0,0.9090909090909091,17
2024,10,D.London,ATL,NO,WR,60.5,115.1473218253918,0.9998653416149277,0.9088338339921347,13
2024,10,P.Nacua,LA,MIA,WR,60.5,107.2570566166724,0.9990869168998915,0.9073477504452474,14
2024,10,T.Kelce,KC,DEN,TE,35.5,71.68824713736731,0.9987180121934407,0.9066434778238412,12
2024,10,T.Hockenson,MIN,JAX,TE,35.5,68.9404246535941,0.9973376294414756,0.9040082016609989,9
2024,10,M.Andrews,BAL,CIN,TE,35.5,63.41115837373457,0.9899888537313739,0.8899787207598956,7
2024,10,Z.Ertz,WAS,PIT,TE,35.5,59.09875863149356,0.9753832063571124,0.8620952121363055,8
2024,10,A.Brown,PHI,DAL,WR,60.5,87.64111631115392,0.9648061602963126,0.8419026696565968,7
2024,10,C.Otton,TB,SF,TE,35.5,56.38796697034268,0.959128746419367,0.8310639704369732,8
2024,10,D.Mooney,ATL,NO,WR,60.5,85.58671961954644,0.9527819906693596,0.8189474367324139,9
2024,10,E.Engram,JAX,MIN,TE,35.5,55.48991987128683,0.9521260273520769,0.8176951431266921,8
2024,10,S.LaPorta,DET,HOU,TE,35.5,54.25501530490902,0.9409640515410203,0.7963859165783114,6
2024,10,J.Jennings,SF,TB,WR,60.5,83.71258115857816,0.939129289598013,0.7928831892325703,11
2024,10,K.Hunt,KC,DEN,RB,55.5,75.08317014946755,0.9190631970577312,0.7545751943829414,10
2024,10,C.Ridley,TEN,LAC,WR,60.5,80.91179321467828,0.9132093701518018,0.7433997066534398,9
2024,10,M.Gesicki,CIN,BAL,TE,35.5,51.63658913309793,0.9106414785796718,0.7384973681975553,9
2024,10,W.Dissly,LAC,TEN,TE,35.5,50.445586894530805,0.8935196689237004,0.7058102770361553,6
2024,10,K.Pitts,ATL,NO,TE,35.5,49.04838957669148,0.870557930614035,0.6619742311722485,6
2024,10,J.Oliver,MIN,JAX,TE,35.5,47.87187249458022,0.8487270987156521,0.620297188457154,6
2024,10,J.Downs,IND,BUF,WR,60.5,75.85357142105924,0.8469811268459808,0.6169639694332361,10
2024,10,K.Shakir,BUF,IND,WR,60.5,75.35362578948549,0.8389720072852193,0.6016738320899641,9
2024,10,T.Hudson,CIN,BAL,TE,35.5,46.369728370765415,0.8174819710675896,0.5606473993108528,7
2024,10,M.Nabers,NYG,CAR,WR,60.5,73.5178412243121,0.8072634379159669,0.5411392905668458,10
2024,10,T.Dell,HOU,DET,WR,60.5,71.89783141385267,0.776329496484753,0.4820835841981649,9
2024,10,T.Johnson,NYG,CAR,TE,35.5,43.67492178955867,0.7521412807800016,0.43590608148909404,6
2024,10,T.McBride,ARI,NYJ,TE,35.5,42.858949323912604,0.7301430797652008,0.39390951591538326,5
2024,10,J.Jefferson,MIN,JAX,WR,60.5,68.9404246535941,0.7131786973579167,0.3615229676832955,9
2024,10,A.St. Brown,DET,HOU,WR,60.5,66.52575071251682,0.6560537388507182,0.25246622871500735,8
2024,10,A.Kamara,NO,ATL,RB,55.5,61.07705882178699,0.654818076139291,0.25010723626591913,6
2024,10,C.McCaffrey,SF,TB,RB,55.5,60.981180688954794,0.6522909246960966,0.24528267441982077,7
2024,10,C.Brown,CIN,BAL,RB,55.5,60.88211588517866,0.6496726532891612,0.24028415627930777,11
2024,10,R.Bateman,BAL,CIN,WR,60.5,64.04815629710924,0.5934946198648399,0.13303518337833065,8
2024,11,B.Bowers,LV,MIA,TE,35.5,121.8118850838287,0.9999999999996823,0.9090909090903024,16
2024,11,A.St. Brown,DET,JAX,WR,60.5,140.07876610389067,0.9999999437409912,0.9090908016873468,11
2024,11,J.Smith,MIA,LV,TE,35.5,75.2680403744505,0.9995401479972422,0.908213009812917,8
2024,11,J.Chase,CIN,LAC,WR,60.5,106.3949787558235,0.998892077464294,0.9069757842500158,13
2024,11,T.Higgins,CIN,LAC,WR,60.5,106.3949787558235,0.998892077464294,0.9069757842500158,13
2024,11,L.Schoonmaker,DAL,HOU,TE,35.5,68.52086345370138,0.9970360092811212,0.9034323813548678,10
2024,11,J.Jeudy,CLE,NO,WR,60.5,98.52670573258872,0.9943794585600726,0.8983607845237749,11
2024,11,D.Njoku,CLE,NO,TE,35.5,65.64496196235882,0.9939989089330741,0.8976342806904141,9
2024,11,J.Smith-Njigba,SEA,SF,WR,60.5,97.9799215636056,0.9937668326550813,0.8971912259778824,11
2024,11,T.Hill,NO,CLE,TE,35.5,61.89261898634008,0.9860747178468487,0.8825062795258021,10
2024,11,C.Kupp,LA,NE,WR,60.5,93.16190970913317,0.9852768925394956,0.8809831584844915,10
2024,11,H.Henry,NE,LA,TE,35.5,61.00437584831141,0.9832219013834965,0.8770599935503115,9
2024,11,K.Shakir,BUF,KC,WR,60.5,90.28654622270437,0.9764705518539349,0.8641710535393303,12
2024,11,J.Jennings,SF,SEA,WR,60.5,90.16767426986468,0.9760268996607222,0.8633240811704697,11
2024,11,C.Lamb,DAL,HOU,WR,60.5,87.63153591047504,0.9647565555973665,0.8418079697767906,12
2024,11,L.McConkey,LAC,CIN,WR,60.5,87.21855574880307,0.96256313330504,0.8376205272187126,9
2024,11,Z.Ertz,WAS,PHI,TE,35.5,56.53732950280989,0.9602085042691769,0.833125326332065,7
2024,11,P.Nacua,LA,NE,WR,60.5,86.51448223338961,0.958567461229812,0.8299924259841864,9
2024,11,J.Williams,DET,JAX,WR,60.5,85.6415756998442,0.9531411907878292,0.8196331824131284,6
2024,11,G.Pickens,PIT,BAL,WR,60.5,84.59935172584727,0.9459315022266939,0.8058692315236883,12
2024,11,A.Ekeler,WAS,PHI,RB,55.5,74.67388151464728,0.9145883165175781,0.7460322406244673,9
2024,11,D.Schultz,HOU,DAL,TE,35.5,51.31251140306358,0.9061995071890099,0.7300172409972007,7
2024,11,E.Engram,JAX,DET,TE,35.5,50.507053362040715,0.89445754440796,0.7076007665970145,7
2024,11,D.Goedert,PHI,WAS,TE,35.5,48.65205905320057,0.8634616895512728,0.6484268618706116,5
2024,11,C.Watson,GB,CHI,WR,60.5,76.83298903075888,0.8618934949773001,0.6454330358657546,4
2024,11,T.Hill,MIA,LV,WR,60.5,75.2680403744505,0.8375739862046123,0.5990048827542599,8
2024,11,W.Dissly,LAC,CIN,TE,35.5,46.67427448031993,0.824122236179847,0.5733242690706171,6
2024,11,R.Odunze,CHI,GB,WR,60.5,73.22076326259628,0.8017951833979813,0.5306998955779643,10
2024,11,D.Metcalf,SEA,SF,WR,60.5,73.00062644970447,0.7976833924055486,0.5228501127742292,9
2024,11,D.Knox,BUF,KC,TE,35.5,43.05715752380863,0.7355752131280378,0.40427995233534475,6
2024,11,Q.Johnston,LAC,CIN,WR,60.5,69.72888052247498,0.7308080567139197,0.3951790173629376,8
2024,11,N.Gray,KC,BUF,TE,35.5,41.155498236398124,0.6812837146352574,0.30063254612185497,5
2024,11,I.Likely,BAL,PIT,TE,35.5,41.14801884049479,0.6810611647927708,0.30020767824074424,5
2024,11,J.Addison,MIN,TEN,WR,60.5,66.29647145277879,0.6504114117282903,0.24169451329946334,8
2024,11,J.Jefferson,MIN,TEN,WR,60.5,66.29647145277879,0.6504114117282903,0.24169451329946334,8
2024,11,A.Brown,PHI,WAS,WR,60.5,63.96325639860264,0.5912974461889392,0.12884057908797486,8
2024,11,J.Jacobs,GB,CHI,RB,55.5,58.402038154202515,0.5821076990212983,0.11129651631338766,5
2024,12,T.McBride,ARI,SEA,TE,35.5,131.1143194896446,0.9999999999999992,0.9090909090909076,15
2024,12,T.Hockenson,MIN,CHI,TE,35.5,102.02037806492969,0.9999999851643137,0.9090908807682351,9
2024,12,J.Smith,MIA,NE,TE,35.5,86.90456642856145,0.9999908100372735,0.909073364616613,11
2024,12,P.Nacua,LA,PHI,WR,60.5,122.3663261432232,0.9999814166334788,0.9090554317548232,13
2024,12,J.Meyers,LV,DEN,WR,60.5,118.95682028437804,0.999951328575562,0.908997990916982,15
2024,12,K.Allen,CHI,MIN,WR,60.5,103.7836868783799,0.9980465288066994,0.9053615549946079,15
2024,12,B.Bowers,LV,DEN,TE,35.5,69.44148083962955,0.9976613488710208,0.9046262114810396,10
2024,12,J.Addison,MIN,CHI,WR,60.5,102.02037806492969,0.9971801453016689,0.9037075501213678,9
2024,12,N.Collins,HOU,TEN,WR,60.5,97.33950245051298,0.992974693711194,0.8956789607213702,9
2024,12,G.Kittle,SF,GB,TE,35.5,60.49656886801276,0.9813765486548217,0.8735370474319323,6
2024,12,T.Kelce,KC,CAR,TE,35.5,59.34303887866342,0.9765343633696911,0.8642928755239557,8
2024,12,Z.Ertz,WAS,DAL,TE,35.5,59.05192853400163,0.9751571943947421,0.8616637347535986,8
2024,12,H.Henry,NE,MIA,TE,35.5,57.48508298502517,0.9665310120365249,0.8451955684333657,8
2024,12,C.Kmet,CHI,MIN,TE,35.5,57.11787209959106,0.9641871071319488,0.8407208408882658,10
2024,12,J.Waddle,MIA,NE,WR,60.5,87.00064418272002,0.9613615636165488,0.8353266214497749,9
2024,12,A.Brown,PHI,LA,WR,60.5,86.13440121198708,0.9562708279245474,0.8256079442195905,7
2024,12,C.Kupp,LA,PHI,WR,60.5,83.49511329198754,0.937363003010215,0.789511187564956,11
2024,12,N.Brown,WAS,DAL,WR,60.5,80.68182556841957,0.9107608340915923,0.7387252287203124,10
2024,12,C.Sutton,DEN,LV,WR,60.5,80.50298789925954,0.9088214456412883,0.7350227598606413,10
2024,12,C.Lamb,DAL,WAS,WR,60.5,78.22314164171077,0.8813064146010556,0.6824940642383789,12
2024,12,T.Johnson,NYG,TB,TE,35.5,49.183862262423744,0.8729238820834923,0.6664910476139397,6
2024,12,Z.Flowers,BAL,LAC,WR,60.5,76.63760344963501,0.8590006416501079,0.6399103158774787,8
2024,12,S.LaPorta,DET,IND,TE,35.5,48.231571105549314,0.8556469278391066,0.6335077713292034,6
2024,12,D.Vele,DEN,LV,WR,60.5,74.22319199816539,0.8198725446416177,0.565211221588543,9
2024,12,M.Andrews,BAL,LAC,TE,35.5,44.64328542535084,0.7769522273631686,0.4832724340569582,5
2024,12,D.Moore,CAR,KC,WR,60.5,69.58493517117704,0.7276305032298261,0.3891127788933044,10
2024,12,A.St. Brown,DET,IND,WR,60.5,66.563181966683,0.6569716331051366,0.2542185722916245,7
2024,12,J.Williams,DET,IND,WR,60.5,66.563181966683,0.6569716331051366,0.2542185722916245,7
2024,12,J.Smith-Njigba,SEA,ARI,WR,60.5,65.12226190827954,0.6210162037519754,0.185576388981044,7
2024,13,B.Bowers,LV,KC,TE,35.5,135.77025148007587,1.0,0.9090909090909091,14
2024,13,J.Jeudy,CLE,DEN,WR,60.5,135.09418093107607,0.9999996702838004,0.9090902796327099,13
2024,13,D.Njoku,CLE,DEN,TE,35.5,90.89588613375474,0.9999980470136394,0.9090871806624023,17
2024,13,J.Smith,MIA,GB,TE,35.5,85.81199685019607,0.9999862152643222,0.9090645927773423,11
2024,13,E.Moore,CLE,DEN,WR,60.5,119.9466538958153,0.9999630102035636,0.9090202922068032,14
2024,13,T.McBride,ARI,MIN,TE,35.5,82.0388137439559,0.9999473913595099,0.9089904744136098,12
2024,13,T.Kelce,KC,LV,TE,35.5,81.88279163906823,0.9999445083175845,0.9089849704244796,13
2024,13,M.Evans,TB,CAR,WR,60.5,115.24251169289647,0.9998686247787087,0.9088401018502621,12
2024,13,D.Moore,CHI,DET,WR,60.5,114.49899365713681,0.9998408503526752,0.9087870779460163,16
2024,13,L.McConkey,LAC,ATL,WR,60.5,114.2597187643135,0.9998308018064939,0.9087678943578519,12
2024,13,H.Henry,NE,IND,TE,35.5,67.8923822073872,0.9965264051480875,0.902459500737258,9
2024,13,T.Kraft,GB,MIA,TE,35.5,66.80770406003829,0.9954593106539927,0.9004223203394407,7
2024,13,D.London,ATL,LAC,WR,60.5,98.08435437300713,0.9938882170634677,0.8974229598484385,16
2024,13,M.Andrews,BAL,PHI,TE,35.5,63.744446169837346,0.9907062933721982,0.8913483782560147,7
2024,13,N.Collins,HOU,JAX,WR,60.5,91.96950170437024,0.9820459599939945,0.8748150145339894,11
2024,13,T.Tremble,CAR,TB,TE,35.5,59.838189297495354,0.9787291843660509,0.8684829883351881,8
2024,13,C.Sutton,DEN,CLE,WR,60.5,88.06436159562882,0.9669410929491071,0.8459784501755682,9
2024,13,P.Washington,JAX,HOU,WR,60.5,87.43236325788916,0.9637122380488681,0.8398142726387481,12
2024,13,J.Meyers,LV,KC,WR,60.5,84.95907331959356,0.9485131414383637,0.8107978154732398,11
2024,13,E.Engram,JAX,HOU,TE,35.5,54.907403965491554,0.9470914680321872,0.808083711697812,9
2024,13,I.Likely,BAL,PHI,TE,35.5,54.01738659677079,0.9385986287315097,0.7918701093965185,8
2024,13,P.Freiermuth,PIT,CIN,TE,35.5,52.87576137305763,0.9261886939596478,0.7681784157411456,7
2024,13,M.Harrison,ARI,MIN,WR,60.5,82.0388137439559,0.9244875770124433,0.7649308288419372,12
2024,13,D.Adams,NYJ,SEA,WR,60.5,80.72497981720602,0.9112241859116846,0.7396098094677616,12
2024,13,M.Nabers,NYG,DAL,WR,60.5,80.00206583894881,0.903223114629128,0.7243350370192443,13
2024,13,J.Jefferson,MIN,ARI,WR,60.5,79.3349631026401,0.8953811291742841,0.7093639738781787,9
2024,13,C.Otton,TB,CAR,TE,35.5,50.47603923318694,0.8939850700540408,0.7066987701031688,7
2024,13,Z.Ertz,WAS,TEN,TE,35.5,50.33179319818149,0.8917675151971348,0.7024652562854392,6
2024,13,T.Higgins,CIN,PIT,WR,60.5,78.09177029507765,0.8795589196716589,0.6791579375549851,10
2024,13,A.Thielen,CAR,TB,WR,60.5,77.38965123988929,0.8699123195399117,0.6607417009398313,10
2024,13,D.Achane,MIA,GB,RB,55.5,69.02731343000961,0.8330371171471053,0.5903435872808374,9
2024,13,N.Gray,KC,LV,TE,35.5,46.98745037394578,0.8307889264608579,0.5860515868798196,6
2024,13,T.Hockenson,MIN,ARI,TE,35.5,46.97407704134566,0.8305076026749078,0.5855145141975512,6
2024,13,S.LaPorta,DET,CHI,TE,35.5,46.26341516541046,0.8151275382128105,0.556152572951729,6
2024,13,J.Johnson,NO,LA,TE,35.5,46.25212903503086,0.8148764898599654,0.5556732988235703,7
2024,13,T.Hill,NO,LA,TE,35.5,46.25212903503086,0.8148764898599654,0.5556732988235703,7
2024,13,D.Schultz,HOU,JAX,TE,35.5,45.81767704075477,0.8050521201441632,0.5369176839115842,7
2024,13,G.Wilson,NYJ,SEA,WR,60.5,73.15917430462258,0.800649916821957,0.5285134775691905,10
2024,13,B.Thomas,JAX,HOU,WR,60.5,72.56238481488965,0.789347419427377,0.5069359825431742,10
2024,13,A.Brown,PHI,BAL,WR,60.5,70.31729617298734,0.7436007605709483,0.41960145199908305,6
2024,13,D.Metcalf,SEA,NYJ,WR,60.5,70.12614584336318,0.7394799859026051,0.411734518541337,9
2024,13,J.Chase,CIN,PIT,WR,60.5,69.82002774349588,0.7328104453253801,0.3990017592575438,9
2024,13,T.Hill,MIA,GB,WR,60.5,69.02731343000961,0.7151480255031706,0.3652825941424166,9
2024,13,T.McLaurin,WAS,TEN,WR,60.5,68.07756094113174,0.6932805364997666,0.32353556968137265,8
2024,13,D.Hopkins,KC,LV,WR,60.5,67.71948469729927,0.6848479889859919,0.3074370698823481,9
2024,13,D.Moore,CAR,TB,WR,60.5,65.11172811309929,0.6207490071069224,0.18506628629503363,9
2024,13,T.Conklin,NYJ,SEA,TE,35.5,38.594150201489725,0.6017370613569311,0.14877075349959568,5
2024,13,Z.Flowers,BAL,PHI,WR,60.5,63.744446169837346,0.5856216468942141,0.1180049622525906,7
2024,14,J.Chase,CIN,DAL,WR,60.5,162.49663797791763,0.9999999999947609,0.9090909090809071,18
2024,14,P.Nacua,LA,BUF,WR,60.5,153.1084485025295,0.9999999996668643,0.9090909084549227,14
2024,14,J.Addison,MIN,ATL,WR,60.5,133.7503966463348,0.9999994785333752,0.9090899135637163,12
2024,14,T.McBride,ARI,SEA,TE,35.5,89.41524543212354,0.999996487623413,0.9090842036446974,14
2024,14,A.Cooper,BUF,LA,WR,60.5,100.76888420786467,0.9963690833379609,0.9021591590997435,14
2024,14,M.Mayer,LV,TB,TE,35.5,67.5029781477259,0.9961724467408618,0.901783761959827,9
2024,14,D.Njoku,CLE,PIT,TE,35.5,66.56835027051396,0.9951876532156855,0.8999037015935814,13
2024,14,T.Hill,MIA,NYJ,WR,60.5,97.78640393237514,0.9935362489715072,0.8967510207637863,14
2024,14,A.Thielen,CAR,PHI,WR,60.5,97.34810928777861,0.9929859028829747,0.8957003600493153,11
2024,14,C.Watson,GB,DET,WR,60.5,95.93977106616256,0.9909276359502168,0.8917709413595049,7
2024,14,B.Thomas,JAX,TEN,WR,60.5,94.64155433137032,0.988580095825222,0.887289273848151,12
2024,14,D.Adams,NYJ,MIA,WR,60.5,91.77719617469411,0.981471993761814,0.8737192608180085,11
2024,14,R.McCloud,ATL,MIN,WR,60.5,88.32883067858445,0.9682201165392029,0.8484202224839328,11
2024,14,G.Wilson,NYJ,MIA,WR,60.5,86.91735087332171,0.9608940598654269,0.8344341142885422,10
2024,14,G.Kittle,SF,CHI,TE,35.5,56.1148611574171,0.9570930364541747,0.8271776150488789,6
2024,14,J.Waddle,MIA,NYJ,WR,60.5,83.91059660789725,0.9407034845223432,0.795888470451746,12
2024,14,S.LaPorta,DET,GB,TE,35.5,50.069726059779384,0.887653598900038,0.6946114160818908,7
2024,14,J.Meyers,LV,TB,WR,60.5,77.26955303069201,0.8682101399612059,0.657492085380484,10
2024,14,T.Kraft,GB,DET,TE,35.5,48.81915110095591,0.8664852443065332,0.6541991027670179,5
2024,14,K.Shakir,BUF,LA,WR,60.5,75.87680315595485,0.8473467647821417,0.6176620054931795,8
2024,14,J.Jefferson,MIN,ATL,WR,60.5,72.49781462179872,0.788102393250079,0.5045591143865145,7
2024,14,C.Ridley,TEN,JAX,WR,60.5,72.02526286983317,0.778860616320766,0.4869157220669168,12
2024,14,T.Hockenson,MIN,ATL,TE,35.5,44.56191341672047,0.7749233424700244,0.4793991083518647,5
2024,14,D.Bellinger,NYG,NO,TE,35.5,44.311101407913185,0.7686043821498527,0.46733563864971883,7
2024,14,J.Ferguson,DAL,CIN,TE,35.5,44.10956000596614,0.7634558736151249,0.45750666781069294,6
2024,14,D.London,ATL,MIN,WR,60.5,69.81702445080029,0.732744586773584,0.39887602929502397,10
2024,14,T.Kelce,KC,LAC,TE,35.5,42.638109973793114,0.7240256214093456,0.38223073178147793,6
2024,14,D.Mooney,ATL,MIN,WR,60.5,69.30378935772299,0.7213710433078382,0.37716290086041837,7
2024,14,E.Engram,JAX,TEN,TE,35.5,42.4824339736195,0.7196727062708784,0.37392062106258606,6
2024,14,C.Brown,CIN,DAL,RB,55.5,62.11889406362122,0.6818142669140967,0.3016454186541847,8
2024,14,T.Tracy,NYG,NO,RB,55.5,61.685413240306886,0.6706885421595972,0.2804053986683218,10
2024,14,C.Lamb,DAL,CIN,WR,60.5,66.15099256805422,0.6468139216260308,0.23482657764969517,7
2024,14,J.Palmer,LAC,KC,WR,60.5,65.85194888852428,0.639377956330176,0.2206306439030633,9
2024,14,W.Robinson,NYG,NO,WR,60.5,64.39841890831846,0.6025274592603166,0.1502796949515135,11
2024,14,J.McMillan,TB,LV,WR,60.5,64.10020299904834,0.5948401174095426,0.13560386050912665,7
2024,14,C.Kupp,LA,BUF,WR,60.5,63.81207159792608,0.5873777765810668,0.12135757347294573,8
2024,14,J.Jennings,SF,CHI,WR,60.5,63.80852291313501,0.5872856657687574,0.12118172555853679,8
2024,15,A.St. Brown,DET,BUF,WR,60.5,192.32473818542317,1.0,0.9090909090909091,18
2024,15,D.Adams,NYJ,JAX,WR,60.5,176.23225866168713,0.999999999999994,0.9090909090908976,12
2024,15,M.Evans,TB,LAC,WR,60.5,125.57045528767023,0.9999928117347839,0.9090771860391329,11
2024,15,T.McBride,ARI,NE,TE,35.5,84.10240717097152,0.9999744131268155,0.9090420614239204,10
2024,15,S.LaPorta,DET,BUF,TE,35.5,83.62539733210308,0.9999696984046724,0.9090330605907382,10
2024,15,J.Jeudy,CLE,KC,WR,60.5,117.99547573552232,0.9999367131863396,0.9089700888102846,14
2024,15,B.Strange,JAX,NYJ,TE,35.5,74.35302505563246,0.999397622749078,0.9079409161573306,12
2024,15,C.Lamb,DAL,CAR,WR,60.5,107.87087717545457,0.9992058815279145,0.9075748647351094,13
2024,15,J.Smith,MIA,HOU,TE,35.5,72.89552152011791,0.9990843003942155,0.9073427552980476,11
2024,15,B.Thomas,JAX,NYJ,WR,60.5,107.04799848601161,0.9990427985836579,0.9072635245688013,14
2024,15,A.Brown,PHI,PIT,WR,60.5,101.01664309778546,0.996544571335212,0.9024941816399502,11
2024,15,D.Smith,PHI,PIT,WR,60.5,98.9432691778656,0.994809672920571,0.8991821028483628,12
2024,15,C.Okonkwo,TEN,CIN,TE,35.5,66.04618482237542,0.9945441724953341,0.8986752384001833,10
2024,15,J.Chase,CIN,TEN,WR,60.5,95.72085049609593,0.9905641758517301,0.8910770629896665,11
2024,15,J.Jefferson,MIN,CHI,WR,60.5,90.17623046582158,0.976059066073196,0.8633854897761015,14
2024,15,D.Kincaid,BUF,DET,TE,35.5,56.08273600993723,0.9568482834750759,0.8267103593615085,7
2024,15,K.Allen,CHI,MIN,WR,60.5,84.54084279633379,0.9455020721327856,0.8050494104353179,13
2024,15,T.Kelce,KC,CLE,TE,35.5,53.987823931736486,0.9382992468632526,0.7912985621934823,8
2024,15,M.Nabers,NYG,BAL,WR,60.5,83.33022708265813,0.9359973562709017,0.7869040437899033,14
2024,15,T.McLaurin,WAS,NO,WR,60.5,80.43504915335616,0.9080765556123384,0.7336006970781005,10
2024,15,T.Hockenson,MIN,CHI,TE,35.5,50.96682318048133,0.9012839087893185,0.7206329167796081,7
2024,15,J.Smith-Njigba,SEA,GB,WR,60.5,79.71889242661703,0.8999487325320706,0.7180839439248621,12
2024,15,G.Kittle,SF,LA,TE,35.5,47.74948099787483,0.8463230480962995,0.6157076372747536,7
2024,15,J.Gibbs,DET,BUF,RB,55.5,69.37673044200952,0.8392048219111636,0.6021182963758578,7
2024,15,T.Higgins,CIN,TEN,WR,60.5,74.6068186203749,0.8265077801120178,0.5778784893047612,8
2024,15,N.Fant,SEA,GB,TE,35.5,46.23717813646596,0.8145435966223743,0.5550377753699873,7
2024,15,S.Smartt,LAC,TB,TE,35.5,44.94739998838209,0.7844419877344408,0.4975710674930234,6
2024,15,J.Addison,MIN,CHI,WR,60.5,70.59330187586434,0.7494903421028029,0.43084519855989634,9
2024,15,Q.Johnston,LAC,TB,WR,60.5,70.14505585261193,0.7398891581014633,0.4125156654664298,10
2024,15,T.Spears,TEN,CIN,RB,55.5,64.41326746686738,0.7378274722416187,0.4085797197339993,7
2024,15,X.Worthy,KC,CLE,WR,60.5,69.57892426570804,0.7274974100034752,0.38885869182481636,11
2024,15,P.Nacua,LA,SF,WR,60.5,69.30868616007503,0.7214806628882121,0.3773721746047686,8
2024,15,B.Bowers,LV,ATL,TE,35.5,40.53726682377088,0.6626740752352787,0.26510505272189555,6
2024,15,K.Pitts,ATL,LV,TE,35.5,40.4119898866667,0.6588521625166515,0.2578086738954255,4
2024,15,P.Freiermuth,PIT,PHI,TE,35.5,39.14792164245597,0.6194335670413134,0.18255499162432554,6
2024,15,C.Parkinson,LA,SF,TE,35.5,38.99626909981747,0.614610376415963,0.17334708224865647,5
2024,15,T.Johnson,BUF,DET,RB,55.5,59.181466498523854,0.6037100245625713,0.15253731961945427,5
2024,15,J.Hill,BAL,NYG,RB,55.5,58.407695348863776,0.5822654726673621,0.11159772054678208,5
2024,16,B.Bowers,LV,JAX,TE,35.5,103.79631107636132,0.9999999936983991,0.9090908970605801,13
2024,16,S.LaPorta,DET,CHI,TE,35.5,85.19198686334556,0.9999827101694396,0.9090579012325666,7
2024,16,K.Allen,CHI,DET,WR,60.5,118.44588401585882,0.999944012010311,0.9089840229287756,13
2024,16,J.Jefferson,MIN,SEA,WR,60.5,118.26078688231631,0.9999411142480162,0.9089784908371219,13
2024,16,G.Kittle,SF,MIA,TE,35.5,81.17350243837097,0.9999294195285944,0.9089561645545893,9
2024,16,C.Okonkwo,TEN,IND,TE,35.5,80.50221349344802,0.9999116477313291,0.908922236577992,11
2024,16,B.Thomas,JAX,LV,WR,60.5,113.75488004604622,0.9998076223240379,0.9087236426186177,13
2024,16,D.Njoku,CLE,CIN,TE,35.5,73.5589852280555,0.9992419449745917,0.9076437131333115,10
2024,16,A.Brown,PHI,WAS,WR,60.5,105.88804605413273,0.9987604045734821,0.9067244087311932,15
2024,16,J.Ferguson,DAL,TB,TE,35.5,60.413589074791695,0.981059147407723,0.8729310995965621,9
2024,16,J.Chase,CIN,CLE,WR,60.5,90.68161250200369,0.9778956968819775,0.8668917849565025,8
2024,16,Z.Flowers,BAL,PIT,WR,60.5,89.2474831616248,0.972349187022473,0.8563029934065393,8
2024,16,D.Adams,NYJ,LA,WR,60.5,87.37260888904883,0.9633940346309336,0.8392067933863279,13
2024,16,H.Henry,NE,BUF,TE,35.5,55.26333146405522,0.9502152512597014,0.81404729785943,8
2024,16,J.Williams,DET,CHI,WR,60.5,85.19198686334556,0.9501317543569254,0.8138878946814031,7
2024,16,T.Conklin,NYJ,LA,TE,35.5,54.2870107461641,0.9412770077355797,0.7969833784042883,7
2024,16,C.Lamb,DAL,TB,WR,60.5,81.55021664573485,0.9197434210788815,0.7558738038778647,8
2024,16,D.Samuel,SF,MIA,WR,60.5,81.17350243837097,0.9159343956991955,0.7486020281530097,9
2024,16,T.Kraft,GB,NO,TE,35.5,51.98046254637947,0.9151816163079161,0.747164903860567,4
2024,16,M.Andrews,BAL,PIT,TE,35.5,51.74868425665375,0.9121409067464346,0.7413599128795568,6
2024,16,J.Williams,DEN,LAC,RB,55.5,73.14047536340956,0.8961714431656291,0.7108727551343829,11
2024,16,P.Durham,TB,DAL,TE,35.5,49.722224423516806,0.8820279181954417,0.6838714801912977,7
2024,16,J.Smith-Njigba,SEA,MIN,WR,60.5,78.27682998399533,0.8820153928708201,0.6838475682079292,12
2024,16,X.Worthy,KC,HOU,WR,60.5,78.02346666765062,0.878643222813285,0.6774097890071804,11
2024,16,D.Schultz,HOU,KC,TE,35.5,49.48700336584411,0.8781085819408436,0.6763891109779742,8
2024,16,M.Nabers,NYG,ATL,WR,60.5,76.72202450029344,0.8602555728567551,0.6423060936356234,14
2024,16,D.Moore,CHI,DET,WR,60.5,73.51520652590492,0.807215350314014,0.5410474869631177,10
2024,16,N.Fant,SEA,MIN,TE,35.5,45.54369318331337,0.7986965300037476,0.5247842845526091,6
2024,16,W.Robinson,NYG,ATL,WR,60.5,72.16141698914824,0.7815467917291563,0.49204387511929837,12
2024,16,J.Smith,MIA,SF,TE,35.5,42.772452285252,0.7277551372730651,0.3893507166122151,6
2024,16,A.St. Brown,DET,CHI,WR,60.5,69.30856202694203,0.7214778843094606,0.37736687004533387,8
2024,16,P.Nacua,LA,NYJ,WR,60.5,68.86061310949707,0.7113641079134323,0.358058751471098,9
2024,16,T.Kelce,KC,HOU,TE,35.5,42.02576556426877,0.7067151932411077,0.34918355073302365,7
2024,16,R.Odunze,CHI,DET,WR,60.5,66.81496114089151,0.6631215132142692,0.2659592524999683,7
2024,16,O.Zaccheaus,WAS,PHI,WR,60.5,65.81193858514081,0.6383789847310265,0.2187235163046869,8
2024,16,T.Higgins,CIN,CLE,WR,60.5,65.23401287496196,0.6238472569477203,0.1909811269001932,11
2024,16,R.White,TB,DAL,RB,55.5,59.83960312686732,0.6217087430871925,0.18689850953009468,8
2024,17,T.McBride,ARI,LA,TE,35.5,129.39813431334954,0.9999999999999974,0.9090909090909042,16
2024,17,M.Gesicki,CIN,DEN,TE,35.5,103.51417843444553,0.9999999927699008,0.9090908952879925,12
2024,17,P.Nacua,LA,ARI,WR,60.5,125.37425736198041,0.9999923716938424,0.9090763459609718,14
2024,17,M.Nabers,NYG,IND,WR,60.5,122.11540490459687,0.99998001851693,0.9090527626232299,8
2024,17,G.Kittle,SF,DET,TE,35.5,83.77864702004005,0.9999712961589154,0.9090361108488385,8
2024,17,T.Kelce,KC,PIT,TE,35.5,81.25721063125437,0.9999313829696523,0.9089599129420636,11
2024,17,S.LaPorta,DET,SF,TE,35.5,74.99636839340197,0.9995014859955796,0.9081392005370157,8
2024,17,J.Chase,CIN,DEN,WR,60.5,106.83932357015208,0.9989968165965901,0.9071757407753084,15
2024,17,T.Higgins,CIN,DEN,WR,60.5,103.51417843444553,0.9979320873668237,0.905143075882118,12
2024,17,D.London,ATL,WAS,WR,60.5,103.35900275092709,0.9978634678526771,0.9050120749914744,13
2024,17,J.Johnson,NO,LV,TE,35.5,65.92770768510655,0.9943879342900703,0.8983769654628615,10
2024,17,D.Smith,PHI,DAL,WR,60.5,96.90867026355379,0.9923930044481307,0.8945684630373404,7
2024,17,T.Hill,MIA,CLE,WR,60.5,95.90228412283464,0.9908662825185254,0.8916538120808212,9
2024,17,J.Jennings,SF,DET,WR,60.5,94.5807098827771,0.988458173963917,0.8870565139311143,10
2024,17,R.Pearsall,SF,DET,WR,60.5,94.5807098827771,0.988458173963917,0.8870565139311143,10
2024,17,J.Jeudy,CLE,MIA,WR,60.5,93.4836394961057,0.9860578138877178,0.8824740083310977,18
2024,17,M.Evans,TB,CAR,WR,60.5,91.92953390343484,0.9819279341583312,0.8745896924840869,9
2024,17,A.Pierce,IND,NYG,WR,60.5,90.89228210201361,0.9786254018119087,0.868284858004553,9
2024,17,M.Pittman,IND,NYG,WR,60.5,90.64265253653751,0.9777584713339843,0.8666298089103336,10
2024,17,P.Freiermuth,PIT,KC,TE,35.5,58.91982077110513,0.9745102165002788,0.8604285951368958,8
2024,17,M.Mims,DEN,CIN,WR,60.5,89.50663149175416,0.9734296276952848,0.8583656528728165,8
2024,17,T.Conklin,NYJ,BUF,TE,35.5,57.39119298761842,0.965944072256851,0.8440750470358064,8
2024,17,B.Thomas,JAX,TEN,WR,60.5,87.73607961236551,0.9652947631880405,0.8428354569953501,10
2024,17,J.Jefferson,MIN,GB,WR,60.5,87.3625777830836,0.9633403939749252,0.8391043884975845,11
2024,17,M.Harrison,ARI,LA,WR,60.5,82.14617829431225,0.9255008279054204,0.766865216910348,10
2024,17,B.Bowers,LV,NO,TE,35.5,52.5820261878218,0.9227046850330421,0.7615271259721713,7
2024,17,L.McConkey,LAC,NE,WR,60.5,81.47155038232269,0.9189589843012711,0.754376242756972,10
2024,17,T.Hockenson,MIN,GB,TE,35.5,51.371239309526054,0.9070163278470554,0.7315766258898331,6
2024,17,Z.Ertz,WAS,ATL,TE,35.5,50.1769860638638,0.8893506692400972,0.6978512776401855,7
2024,17,C.Sutton,DEN,CIN,WR,60.5,77.74496945513714,0.8748589862682377,0.6701853374211809,9
2024,17,C.Okonkwo,TEN,JAX,TE,35.5,47.49652360671936,0.8412746371313513,0.6060697617962161,7
2024,17,X.Worthy,KC,PIT,WR,60.5,75.37692492796009,0.8393512302141813,0.6023978031361643,9
2024,17,J.Akins,CLE,MIA,TE,35.5,47.354926461930944,0.8384017681154794,0.6005851936750061,8
2024,17,J.Williams,DET,SF,WR,60.5,74.99636839340197,0.8330841101806647,0.5904333012539963,8
2024,17,O.Zaccheaus,WAS,ATL,WR,60.5,73.40653292811824,0.8052254958796281,0.5372486739520173,9
2024,17,R.Doubs,GB,MIN,WR,60.5,72.74280991086316,0.7928034981614096,0.5135339510354183,11
2024,17,A.St. Brown,DET,SF,WR,60.5,71.8866194365917,0.7761060117932095,0.48165693160521805,10
2024,17,N.Fant,SEA,CHI,TE,35.5,43.93869702981151,0.759042152038548,0.4490804720735916,5
2024,17,J.Meyers,LV,NO,WR,60.5,70.06797987101505,0.7382193242418091,0.409327800825272,9
2024,17,A.Thielen,CAR,TB,WR,60.5,69.0866963347688,0.7164902132330364,0.36784495253579674,6
2024,17,D.Schultz,HOU,BAL,TE,35.5,42.11710797553816,0.7093290443337388,0.3541736300916831,6
2024,17,D.Culp,TB,CAR,TE,35.5,42.07093234293429,0.7080090458811086,0.3516536330457527,4
2024,17,F.Moreau,NO,LV,TE,35.5,39.881765451133255,0.6424992058621855,0.22658939300962677,5
2024,17,J.Addison,MIN,GB,WR,60.5,64.58334720138316,0.6072747774388074,0.1593427569286323,8
2024,18,D.London,ATL,CAR,WR,60.5,173.50399708111726,0.9999999999999754,0.909090909090862,18
2024,18,Q.Johnston,LAC,LV,WR,60.5,161.06998329744405,0.9999999999899066,0.9090909090716399,14
2024,18,P.Freiermuth,PIT,CIN,TE,35.5,81.30853749074147,0.9999325613116702,0.9089621625040976,11
2024,18,T.McBride,ARI,SF,TE,35.5,81.08719676700221,0.9999273398351272,0.9089521942306973,11
2024,18,M.Gesicki,CIN,PIT,TE,35.5,71.78227466563466,0.9987507493608961,0.9067059760526198,10
2024,18,J.Chase,CIN,PIT,WR,60.5,105.77587422658381,0.9987293985821506,0.9066652154750148,14
2024,18,B.Thomas,JAX,IND,WR,60.5,103.95593629814127,0.998116625990412,0.9054953768907864,11
2024,18,B.Bowers,LV,LAC,TE,35.5,67.88076521704113,0.9965162863049615,0.9024401829458355,9
2024,18,J.Downs,IND,JAX,WR,60.5,99.4847362752073,0.9953249718980253,0.9001658554416846,13
2024,18,J.Smith,MIA,NYJ,TE,35.5,64.72848799813528,0.9925686478565368,0.8949037822715702,12
2024,18,M.Andrews,BAL,CLE,TE,35.5,62.974197412976864,0.9889753184121017,0.8880437896958305,8
2024,18,S.LaPorta,DET,MIN,TE,35.5,62.747397053559325,0.9884148957422316,0.8869738918715331,7
2024,18,J.Meyers,LV,LAC,WR,60.5,91.24549656750732,0.9798031313148676,0.87053325069202,10
2024,18,M.Evans,TB,NO,WR,60.5,89.95657926876774,0.9752217278835855,0.8617869350504814,14
2024,18,J.Johnson,NO,TB,TE,35.5,58.25720030347942,0.9710486178490045,0.8538200886208268,7
2024,18,N.Fant,SEA,LA,TE,35.5,57.28910909578548,0.965296332435832,0.842838452832043,6
2024,18,T.McLaurin,WAS,DAL,WR,60.5,87.61097764158826,0.9646499168985351,0.8416043868062942,12
2024,18,T.Kraft,GB,CHI,TE,35.5,56.546311067915894,0.9602726866951964,0.8332478564181022,7
2024,18,M.Pittman,IND,JAX,WR,60.5,83.1644237739107,0.9346008807109483,0.7842380449936285,10
2024,18,D.Adams,NYJ,MIA,WR,60.5,80.93277753856322,0.9134302724793717,0.7438214292788005,12
2024,18,D.Moore,CHI,GB,WR,60.5,78.9243326936993,0.8903307217416754,0.6997222869613803,10
2024,18,J.Dotson,PHI,NYG,WR,60.5,78.73929214122646,0.8879985503998014,0.6952699598541662,11
2024,18,W.Dissly,LAC,LV,TE,35.5,48.90268606981795,0.867979427727805,0.6570516347530823,6
2024,18,C.Sutton,DEN,KC,WR,60.5,74.35216778167499,0.822120881448636,0.5695035009473961,7
2024,18,J.Whyle,TEN,HOU,TE,35.5,46.57717613928648,0.8220219346218319,0.569314602459861,7
2024,18,L.McConkey,LAC,LV,WR,60.5,72.30999560787558,0.7844565335516978,0.49759883678051386,8
2024,18,T.Higbee,LA,SEA,TE,35.5,44.09557382746724,0.7630962633745211,0.45682013916954023,7
2024,18,K.Boutte,NE,BUF,WR,60.5,69.56687096982624,0.7272304291479772,0.3883490011006837,7
2024,18,D.Goedert,PHI,NYG,TE,35.5,41.51376704518168,0.6918662536329797,0.3208355751175067,6
2024,18,Z.Ertz,WAS,DAL,TE,35.5,41.19130962722329,0.6823483776767112,0.30266508465553954,5
2024,18,J.Jeudy,CLE,BAL,WR,60.5,67.24006504862068,0.6734059562846213,0.2855931892706406,13
2024,18,J.Akins,CLE,BAL,TE,35.5,40.44782053197381,0.6599469598702877,0.25989874157054926,8
2024,18,M.Nabers,NYG,PHI,WR,60.5,64.81229953619022,0.613130133307997,0.1705211635879943,8
2024,18,I.Likely,BAL,CLE,TE,35.5,38.929905226884195,0.6124940871505131,0.16930689365097962,5
2024,19,L.McConkey,LAC,HOU,WR,60.5,131.03637131469495,0.9999987145501158,0.9090884550502211,14
2024,19,P.Nacua,LA,MIN,WR,60.5,92.33844173367905,0.9831047467585203,0.8768363347208115,9
2024,19,T.McLaurin,WAS,TB,WR,60.5,85.97401446379823,0.9552713694604856,0.8236998871518362,10
2024,19,D.Goedert,PHI,GB,TE,35.5,53.58113242307099,0.9340640397713822,0.7832131668362751,6
2024,19,C.Sutton,DEN,BUF,WR,60.5,80.05991162643119,0.9038822044239602,0.725593299354833,9
2024,19,T.Higbee,LA,MIN,TE,35.5,43.8826965889086,0.7575858657728839,0.4463002892027783,5
2024,19,J.Metchie,HOU,LAC,WR,60.5,69.80820482764395,0.7325511358374702,0.398506713871534,8
2024,19,N.Collins,HOU,LAC,WR,60.5,69.80820482764395,0.7325511358374702,0.398506713871534,8
2024,20,T.Higbee,LA,PHI,TE,35.5,71.95571146755225,0.9988091352121503,0.9068174399504687,10
2024,20,T.Kelce,KC,HOU,TE,35.5,69.6287065409455,0.9977728591992032,0.9048390948348425,8
2024,20,J.Gibbs,DET,WAS,RB,55.5,89.68344057976313,0.9926903359155437,0.8951360958387652,11
2024,20,P.Nacua,LA,PHI,WR,60.5,96.66015070340809,0.992038522240671,0.8938917242776446,14
2024,20,M.Andrews,BAL,BUF,TE,35.5,62.146998252742144,0.986810397220425,0.8839107583299022,7
2024,20,A.St. Brown,DET,WAS,WR,60.5,84.66186582470027,0.9463873643014007,0.8067395136663104,10
2024,20,N.Collins,HOU,KC,WR,60.5,77.65961879986733,0.8736829117535111,0.6679401042567029,8
2024,20,I.Likely,BAL,BUF,TE,35.5,44.440825306305484,0.7718849279623254,0.47359849883716676,5
2024,20,D.Brown,WAS,DET,WR,60.5,68.68500945929542,0.7073526722818819,0.35040055617450183,8
2024,20,S.LaPorta,DET,WAS,TE,35.5,41.111255309675975,0.6799663158917764,0.29811751215702753,7
2024,21,Z.Ertz,WAS,PHI,TE,35.5,103.93773318582822,0.9999999941191381,0.909090897863809,16
2024,21,D.Goedert,PHI,WAS,TE,35.5,72.8439275312691,0.9990708584976157,0.9073170934954481,8
2024,21,A.Brown,PHI,WAS,WR,60.5,72.8439275312691,0.7947256733470229,0.5172035582079528,8
2024,22,X.Worthy,KC,PHI,WR,60.5,74.5851943202301,0.8261379534372335,0.5771724565619912,8
2024,22,T.Kelce,KC,PHI,TE,35.5,44.96853632589493,0.7849570575767131,0.49855438264645224,6
2024,22,S.Barkley,PHI,KC,RB,55.5,64.19588409608463,0.7327444600957489,0.39887578745552055,7
